{"cameraMode":{"drawMode":0,"name":"Shaded","section":"Shading Mode"},"sceneLighting":false,"audioPlay":false,"sceneViewState":{"m_AlwaysRefresh":false,"showFog":true,"showSkybox":false,"showFlares":true,"showImageEffects":true,"showParticleSystems":true,"showVisualEffectGraphs":true,"m_FxEnabled":true},"in2DMode":false,"pivot":{"x":0.032654330134391788,"y":0.12747833132743836,"z":0.054412841796875},"rotation":{"x":0.16002413630485536,"y":-0.0340522937476635,"z":0.005532225593924522,"w":0.9865298867225647},"size":0.5590394735336304,"orthographic":false}